Workbook

Sheet WBS
A1: Portfolio Project — WBS (AI Support Ticket System) - 7-Week
A2: Project start date (Monday): | C2: 46302
A3: Legend: edit only the yellow start date and the Status column (yellow). Blue numbers = estimated hours (6.5 h/day, split evenly). Everything else is formulas.
A5: WBS ID | B5: Level | C5: Work item | D5: Type | E5: Week | F5: Day | G5: Start | H5: Finish | I5: Est. hours | J5: Status | K5: % complete | L5: Earned hours | M5: Notes | N5: Watch (YouTube search) | O5: Read (docs / article)
A6: 1 | B6: 1 | C6: AI Support Ticket System portfolio project | D6: Project | G6: =G7 -> 46302 | H6: =H146 -> 46350 | I6: =SUM(I7,I30,I49,I69,I89,I109,I127) -> 227.7 | K6: =IF(I6=0,0,L6/I6) -> 0.15696091 | L6: =SUM(L7,L30,L49,L69,L89,L109,L127) -> 35.74
A7: 1.1 | B7: 2 | C7: Week 1: Foundations | D7: Phase | E7: 1 | G7: =G8 -> 46302 | H7: =H8 -> 46302 | I7: =SUM(I8,I13,I17,I21,I25) -> 32.49 | K7: =IF(I7=0,0,L7/I7) -> 1 | L7: =SUM(L8,L13,L17,L21,L25) -> 32.49
A8: 1.1.1 | B8: 3 | C8: Day 1: Environment | D8: Work package | E8: 1 | F8: 1 | G8: =WORKDAY($C$2,F8-1) -> 46302 | H8: =G8 -> 46302 | I8: =SUM(I9:I12) -> 6.48 | J8: =IF(COUNTIF(J9:J12,"Done")+COUNTIF(J9:J12,"Cut")=4,"Done",IF(COUNTIF(J9:J12,"Not started")=4,"Not started","In progress")) -> Done | K8: =IF(I8=0,0,L8/I8) -> 1 | L8: =SUM(L9:L12) -> 6.48
A9: 1.1.1.1 | B9: 4 | C9: Read what changed in the latest Laravel release | D9: Task | E9: 1 | F9: 1 | G9: =G8 -> 46302 | H9: =H8 -> 46302 | I9: 1.62 | J9: Done | K9: =IF(J9="Done",1,IF(J9="In progress",0.5,0)) -> 1 | L9: =I9*K9 -> 1.62 | N9: =HYPERLINK("https://www.youtube.com/results?search_query=Laravel+13+new+features","YouTube: Laravel 13 new features") -> YouTube: Laravel 13 new features | O9: =HYPERLINK("https://laravel.com/docs/releases","Laravel docs: Release notes") -> Laravel docs: Release notes
A10: 1.1.1.2 | B10: 4 | C10: Create public GitHub repo; Docker Compose with PHP, PostgreSQL (pgvector), Redis | D10: Task | E10: 1 | F10: 1 | G10: =G8 -> 46302 | H10: =H8 -> 46302 | I10: 1.62 | J10: Done | K10: =IF(J10="Done",1,IF(J10="In progress",0.5,0)) -> 1 | L10: =I10*K10 -> 1.62 | N10: =HYPERLINK("https://www.youtube.com/results?search_query=docker+compose+laravel+postgres+redis","YouTube: docker compose laravel postgres redis") -> YouTube: docker compose laravel postgres redis | O10: =HYPERLINK("https://docs.docker.com/compose/","Docker docs: Compose") -> Docker docs: Compose
A11: 1.1.1.3 | B11: 4 | C11: Install Laravel; confirm app, database and Redis connect | D11: Task | E11: 1 | F11: 1 | G11: =G8 -> 46302 | H11: =H9 -> 46302 | I11: 1.62 | J11: Done | K11: =IF(J11="Done",1,IF(J11="In progress",0.5,0)) -> 1 | L11: =I11*K11 -> 1.62 | N11: =HYPERLINK("https://www.youtube.com/results?search_query=laravel+docker+setup+postgresql","YouTube: laravel docker setup postgresql") -> YouTube: laravel docker setup postgresql | O11: =HYPERLINK("https://laravel.com/docs/installation","Laravel docs: Installation") -> Laravel docs: Installation
A12: 1.1.1.4 | B12: 4 | C12: First commit + DEVLOG.md | D12: Task | E12: 1 | F12: 1 | G12: =G8 -> 46302 | H12: =H8 -> 46302 | I12: 1.62 | J12: Done | K12: =IF(J12="Done",1,IF(J12="In progress",0.5,0)) -> 1 | L12: =I12*K12 -> 1.62 | N12: =HYPERLINK("https://www.youtube.com/results?search_query=git+basics+tutorial","YouTube: git basics tutorial") -> YouTube: git basics tutorial | O12: =HYPERLINK("https://git-scm.com/book/en/v2","Pro Git book") -> Pro Git book
A13: 1.1.2 | B13: 3 | C13: Day 2: Domain design | D13: Work package | E13: 1 | F13: 2 | G13: =WORKDAY($C$2,F13-1) -> 46303 | H13: =G13 -> 46303 | I13: =SUM(I14:I16) -> 6.51 | J13: =IF(COUNTIF(J14:J16,"Done")+COUNTIF(J14:J16,"Cut")=3,"Done",IF(COUNTIF(J14:J16,"Not started")=3,"Not started","In progress")) -> Done | K13: =IF(I13=0,0,L13/I13) -> 1 | L13: =SUM(L14:L16) -> 6.51
A14: 1.1.2.1 | B14: 4 | C14: Draw ERD: organizations, users, roles, tickets, messages, categories, SLA policies, KB articles | D14: Task | E14: 1 | F14: 2 | G14: =G13 -> 46303 | H14: =H13 -> 46303 | I14: 2.17 | J14: Done | K14: =IF(J14="Done",1,IF(J14="In progress",0.5,0)) -> 1 | L14: =I14*K14 -> 2.17 | N14: =HYPERLINK("https://www.youtube.com/results?search_query=database+design+entity+relationship+diagram","YouTube: database design entity relationship diagram") -> YouTube: database design entity relationship diagram | O14: =HYPERLINK("https://mermaid.js.org/syntax/entityRelationshipDiagram.html","Mermaid: ER diagrams") -> Mermaid: ER diagrams
A15: 1.1.2.2 | B15: 4 | C15: Write ADR-001: multi-tenancy approach | D15: Task | E15: 1 | F15: 2 | G15: =G13 -> 46303 | H15: =H13 -> 46303 | I15: 2.17 | J15: Done | K15: =IF(J15="Done",1,IF(J15="In progress",0.5,0)) -> 1 | L15: =I15*K15 -> 2.17 | N15: =HYPERLINK("https://www.youtube.com/results?search_query=multi+tenancy+single+database+vs+database+per+tenant","YouTube: multi tenancy single database vs database per tenant") -> YouTube: multi tenancy single database vs database per tenant | O15: =HYPERLINK("https://learn.microsoft.com/en-us/azure/architecture/guide/multitenant/considerations/tenancy-models","Azure: Tenancy models") -> Azure: Tenancy models
A16: 1.1.2.3 | B16: 4 | C16: Migrations, models, relationships, factories | D16: Task | E16: 1 | F16: 2 | G16: =G13 -> 46303 | H16: =H13 -> 46303 | I16: 2.17 | J16: Done | K16: =IF(J16="Done",1,IF(J16="In progress",0.5,0)) -> 1 | L16: =I16*K16 -> 2.17 | N16: =HYPERLINK("https://www.youtube.com/results?search_query=laravel+eloquent+relationships+factories","YouTube: laravel eloquent relationships factories") -> YouTube: laravel eloquent relationships factories | O16: =HYPERLINK("https://laravel.com/docs/eloquent-relationships","Laravel docs: Relationships") -> Laravel docs: Relationships
A17: 1.1.3 | B17: 3 | C17: Day 3: Auth and roles | D17: Work package | E17: 1 | F17: 3 | G17: =WORKDAY($C$2,F17-1) -> 46304 | H17: =G17 -> 46304 | I17: =SUM(I18:I20) -> 6.51 | J17: =IF(COUNTIF(J18:J20,"Done")+COUNTIF(J18:J20,"Cut")=3,"Done",IF(COUNTIF(J18:J20,"Not started")=3,"Not started","In progress")) -> Done | K17: =IF(I17=0,0,L17/I17) -> 1 | L17: =SUM(L18:L20) -> 6.51
A18: 1.1.3.1 | B18: 4 | C18: Install Laravel React starter kit (Inertia + TypeScript) for auth | D18: Task | E18: 1 | F18: 3 | G18: =G17 -> 46304 | H18: =H17 -> 46304 | I18: 2.17 | J18: Done | K18: =IF(J18="Done",1,IF(J18="In progress",0.5,0)) -> 1 | L18: =I18*K18 -> 2.17 | N18: =HYPERLINK("https://www.youtube.com/results?search_query=laravel+react+starter+kit+inertia","YouTube: laravel react starter kit inertia") -> YouTube: laravel react starter kit inertia | O18: =HYPERLINK("https://laravel.com/docs/starter-kits","Laravel docs: Starter kits") -> Laravel docs: Starter kits
A19: 1.1.3.2 | B19: 4 | C19: Roles (admin, agent, customer) and ticket policies | D19: Task | E19: 1 | F19: 3 | G19: =G17 -> 46304 | H19: =H17 -> 46304 | I19: 2.17 | J19: Done | K19: =IF(J19="Done",1,IF(J19="In progress",0.5,0)) -> 1 | L19: =I19*K19 -> 2.17 | N19: =HYPERLINK("https://www.youtube.com/results?search_query=laravel+policies+gates+authorization","YouTube: laravel policies gates authorization") -> YouTube: laravel policies gates authorization | O19: =HYPERLINK("https://laravel.com/docs/authorization","Laravel docs: Authorization") -> Laravel docs: Authorization
A20: 1.1.3.3 | B20: 4 | C20: Tenant middleware: scope every request to the user's organization | D20: Task | E20: 1 | F20: 3 | G20: =G17 -> 46304 | H20: =H17 -> 46304 | I20: 2.17 | J20: Done | K20: =IF(J20="Done",1,IF(J20="In progress",0.5,0)) -> 1 | L20: =I20*K20 -> 2.17 | N20: =HYPERLINK("https://www.youtube.com/results?search_query=laravel+multi+tenancy+global+scope+subdomain","YouTube: laravel multi tenancy global scope subdomain") -> YouTube: laravel multi tenancy global scope subdomain | O20: =HYPERLINK("https://laravel.com/docs/eloquent#global-scopes","Laravel docs: Global scopes") -> Laravel docs: Global scopes
A21: 1.1.4 | B21: 3 | C21: Day 4: Pest | D21: Work package | E21: 1 | F21: 4 | G21: =WORKDAY($C$2,F21-1) -> 46307 | H21: =G21 -> 46307 | I21: =SUM(I22:I24) -> 6.51 | J21: =IF(COUNTIF(J22:J24,"Done")+COUNTIF(J22:J24,"Cut")=3,"Done",IF(COUNTIF(J22:J24,"Not started")=3,"Not started","In progress")) -> Done | K21: =IF(I21=0,0,L21/I21) -> 1 | L21: =SUM(L22:L24) -> 6.51
A22: 1.1.4.1 | B22: 4 | C22: Learn Pest basics: it(), expect(), datasets, RefreshDatabase | D22: Task | E22: 1 | F22: 4 | G22: =G21 -> 46307 | H22: =H21 -> 46307 | I22: 2.17 | J22: Done | K22: =IF(J22="Done",1,IF(J22="In progress",0.5,0)) -> 1 | L22: =I22*K22 -> 2.17 | N22: =HYPERLINK("https://www.youtube.com/results?search_query=laravel+testing+tutorial","YouTube: laravel testing tutorial") -> YouTube: laravel testing tutorial | O22: =HYPERLINK("https://laravel.com/docs/testing","Laravel docs: Testing") -> Laravel docs: Testing
A23: 1.1.4.2 | B23: 4 | C23: Tests: tenant isolation | D23: Task | E23: 1 | F23: 4 | G23: =G21 -> 46307 | H23: =H21 -> 46307 | I23: 2.17 | J23: Done | K23: =IF(J23="Done",1,IF(J23="In progress",0.5,0)) -> 1 | L23: =I23*K23 -> 2.17 | N23: =HYPERLINK("https://www.youtube.com/results?search_query=laravel+multi+tenancy+testing+data+isolation","YouTube: laravel multi tenancy testing data isolation") -> YouTube: laravel multi tenancy testing data isolation | O23: =HYPERLINK("https://laravel.com/docs/database-testing","Laravel docs: Database testing") -> Laravel docs: Database testing
A24: 1.1.4.3 | B24: 4 | C24: Tests: role permissions | D24: Task | E24: 1 | F24: 4 | G24: =G21 -> 46307 | H24: =H21 -> 46307 | I24: 2.17 | J24: Done | K24: =IF(J24="Done",1,IF(J24="In progress",0.5,0)) -> 1 | L24: =I24*K24 -> 2.17 | N24: =HYPERLINK("https://www.youtube.com/results?search_query=laravel+testing+authorization+policies","YouTube: laravel testing authorization policies") -> YouTube: laravel testing authorization policies | O24: =HYPERLINK("https://laravel.com/docs/http-tests","Laravel docs: HTTP tests") -> Laravel docs: HTTP tests
A25: 1.1.5 | B25: 3 | C25: Day 5: Code quality + review | D25: Work package | E25: 1 | F25: 5 | G25: =WORKDAY($C$2,F25-1) -> 46308 | H25: =G25 -> 46308 | I25: =SUM(I26:I29) -> 6.48 | J25: =IF(COUNTIF(J26:J29,"Done")+COUNTIF(J26:J29,"Cut")=4,"Done",IF(COUNTIF(J26:J29,"Not started")=4,"Not started","In progress")) -> Done | K25: =IF(I25=0,0,L25/I25) -> 1 | L25: =SUM(L26:L29) -> 6.48
A26: 1.1.5.1 | B26: 4 | C26: Add Pint and Larastan; fix findings | D26: Task | E26: 1 | F26: 5 | G26: =G25 -> 46308 | H26: =H25 -> 46308 | I26: 1.62 | J26: Done | K26: =IF(J26="Done",1,IF(J26="In progress",0.5,0)) -> 1 | L26: =I26*K26 -> 1.62 | N26: =HYPERLINK("https://www.youtube.com/results?search_query=larastan+phpstan+laravel","YouTube: larastan phpstan laravel") -> YouTube: larastan phpstan laravel | O26: =HYPERLINK("https://github.com/larastan/larastan","Larastan on GitHub") -> Larastan on GitHub
A27: 1.1.5.2 | B27: 4 | C27: Move ticket logic into action classes | D27: Task | E27: 1 | F27: 5 | G27: =G25 -> 46308 | H27: =H25 -> 46308 | I27: 1.62 | J27: Done | K27: =IF(J27="Done",1,IF(J27="In progress",0.5,0)) -> 1 | L27: =I27*K27 -> 1.62 | N27: =HYPERLINK("https://www.youtube.com/results?search_query=laravel+action+classes+pattern","YouTube: laravel action classes pattern") -> YouTube: laravel action classes pattern | O27: =HYPERLINK("https://www.google.com/search?q=laravel+action+classes+pattern","Search: laravel action classes pattern") -> Search: laravel action classes pattern
A28: 1.1.5.3 | B28: 4 | C28: Seeders: 2 organizations, users per role, sample tickets | D28: Task | E28: 1 | F28: 5 | G28: =G25 -> 46308 | H28: =H25 -> 46308 | I28: 1.62 | J28: Done | K28: =IF(J28="Done",1,IF(J28="In progress",0.5,0)) -> 1 | L28: =I28*K28 -> 1.62 | N28: =HYPERLINK("https://www.youtube.com/results?search_query=laravel+seeders+factories","YouTube: laravel seeders factories") -> YouTube: laravel seeders factories | O28: =HYPERLINK("https://laravel.com/docs/seeding","Laravel docs: Seeding") -> Laravel docs: Seeding
A29: 1.1.5.4 | B29: 4 | C29: Week review: tests green, README stub | D29: Task | E29: 1 | F29: 5 | G29: =G25 -> 46308 | H29: =H25 -> 46308 | I29: 1.62 | J29: Done | K29: =IF(J29="Done",1,IF(J29="In progress",0.5,0)) -> 1 | L29: =I29*K29 -> 1.62 | N29: =HYPERLINK("https://www.youtube.com/results?search_query=how+to+write+a+good+README+github","YouTube: how to write a good README github") -> YouTube: how to write a good README github | O29: =HYPERLINK("https://www.makeareadme.com/","Make a README") -> Make a README
A30: 1.2 | B30: 2 | C30: Week 2: Frontend | D30: Phase | E30: 2 | G30: =G31 -> 46309 | H30: =H45 -> 46315 | I30: =SUM(I31,I34,I37,I41,I45) -> 32.53 | K30: =IF(I30=0,0,L30/I30) -> 0.099907777 | L30: =SUM(L31,L34,L37,L41,L45) -> 3.25
A31: 1.2.1 | B31: 3 | C31: Day 6: TypeScript | D31: Work package | E31: 2 | F31: 6 | G31: =WORKDAY($C$2,F31-1) -> 46309 | H31: =G31 -> 46309 | I31: =SUM(I32:I33) -> 6.5 | J31: =IF(COUNTIF(J32:J33,"Done")+COUNTIF(J32:J33,"Cut")=2,"Done",IF(COUNTIF(J32:J33,"Not started")=2,"Not started","In progress")) -> In progress | K31: =IF(I31=0,0,L31/I31) -> 0.5 | L31: =SUM(L32:L33) -> 3.25
A32: 1.2.1.1 | B32: 4 | C32: Learn types, interfaces, unions, generics, typing React props/events | D32: Task | E32: 2 | F32: 6 | G32: =G31 -> 46309 | H32: =H31 -> 46309 | I32: 3.25 | J32: Not started | K32: =IF(J32="Done",1,IF(J32="In progress",0.5,0)) -> 0 | L32: =I32*K32 -> 0 | N32: =HYPERLINK("https://www.youtube.com/results?search_query=typescript+tutorial+for+beginners","YouTube: typescript tutorial for beginners") -> YouTube: typescript tutorial for beginners | O32: =HYPERLINK("https://www.typescriptlang.org/docs/handbook/intro.html","TypeScript Handbook") -> TypeScript Handbook
A33: 1.2.1.2 | B33: 4 | C33: Shared types for Ticket, Message, User | D33: Task | E33: 2 | F33: 6 | G33: =G31 -> 46309 | H33: =H31 -> 46309 | I33: 3.25 | J33: Done | K33: =IF(J33="Done",1,IF(J33="In progress",0.5,0)) -> 1 | L33: =I33*K33 -> 3.25 | N33: =HYPERLINK("https://www.youtube.com/results?search_query=typescript+react+props+types","YouTube: typescript react props types") -> YouTube: typescript react props types | O33: =HYPERLINK("https://react.dev/learn/typescript","React docs: Using TypeScript") -> React docs: Using TypeScript
A34: 1.2.2 | B34: 3 | C34: Day 7: Inertia + ticket list | D34: Work package | E34: 2 | F34: 7 | G34: =WORKDAY($C$2,F34-1) -> 46310 | H34: =G34 -> 46310 | I34: =SUM(I35:I36) -> 6.5 | J34: =IF(COUNTIF(J35:J36,"Done")+COUNTIF(J35:J36,"Cut")=2,"Done",IF(COUNTIF(J35:J36,"Not started")=2,"Not started","In progress")) -> Not started | K34: =IF(I34=0,0,L34/I34) -> 0 | L34: =SUM(L35:L36) -> 0
A35: 1.2.2.1 | B35: 4 | C35: Learn Inertia: pages, props, layouts, shared data, useForm | D35: Task | E35: 2 | F35: 7 | G35: =G34 -> 46310 | H35: =H34 -> 46310 | I35: 3.25 | J35: Not started | K35: =IF(J35="Done",1,IF(J35="In progress",0.5,0)) -> 0 | L35: =I35*K35 -> 0 | N35: =HYPERLINK("https://www.youtube.com/results?search_query=inertia.js+laravel+react+tutorial","YouTube: inertia.js laravel react tutorial") -> YouTube: inertia.js laravel react tutorial | O35: =HYPERLINK("https://inertiajs.com/pages","Inertia docs: Pages") -> Inertia docs: Pages
A36: 1.2.2.2 | B36: 4 | C36: Ticket list page: pagination, filters, search | D36: Task | E36: 2 | F36: 7 | G36: =G34 -> 46310 | H36: =H34 -> 46310 | I36: 3.25 | J36: Done | K36: =IF(J36="Done",1,IF(J36="In progress",0.5,0)) -> 0 | L36: =I36*K36 -> 0 | N36: =HYPERLINK("https://www.youtube.com/results?search_query=laravel+inertia+pagination+filters+search","YouTube: laravel inertia pagination filters search") -> YouTube: laravel inertia pagination filters search | O36: =HYPERLINK("https://laravel.com/docs/pagination","Laravel docs: Pagination") -> Laravel docs: Pagination
A37: 1.2.3 | B37: 3 | C37: Day 8: Create + detail | D37: Work package | E37: 2 | F37: 8 | G37: =WORKDAY($C$2,F37-1) -> 46311 | H37: =G37 -> 46311 | I37: =SUM(I38:I40) -> 6.51 | J37: =IF(COUNTIF(J38:J40,"Done")+COUNTIF(J38:J40,"Cut")=3,"Done",IF(COUNTIF(J38:J40,"Not started")=3,"Not started","In progress")) -> Not started | K37: =IF(I37=0,0,L37/I37) -> 0 | L37: =SUM(L38:L40) -> 0
A38: 1.2.3.1 | B38: 4 | C38: Create ticket form with validation errors | D38: Task | E38: 2 | F38: 8 | G38: =G37 -> 46311 | H38: =H37 -> 46311 | I38: 2.17 | J38: Done | K38: =IF(J38="Done",1,IF(J38="In progress",0.5,0)) -> 0 | L38: =I38*K38 -> 0 | N38: =HYPERLINK("https://www.youtube.com/results?search_query=inertia+useForm+validation+errors+react","YouTube: inertia useForm validation errors react") -> YouTube: inertia useForm validation errors react | O38: =HYPERLINK("https://inertiajs.com/forms","Inertia docs: Forms") -> Inertia docs: Forms
A39: 1.2.3.2 | B39: 4 | C39: Ticket detail page with message thread and replies | D39: Task | E39: 2 | F39: 8 | G39: =G37 -> 46311 | H39: =H37 -> 46311 | I39: 2.17 | J39: Done | K39: =IF(J39="Done",1,IF(J39="In progress",0.5,0)) -> 0 | L39: =I39*K39 -> 0 | N39: =HYPERLINK("https://www.youtube.com/results?search_query=laravel+inertia+react+crud","YouTube: laravel inertia react crud") -> YouTube: laravel inertia react crud | O39: =HYPERLINK("https://laravel.com/docs/eloquent-relationships#eager-loading","Laravel docs: Eager loading") -> Laravel docs: Eager loading
A40: 1.2.3.3 | B40: 4 | C40: File attachments (local storage) | D40: Task | E40: 2 | F40: 8 | G40: =G37 -> 46311 | H40: =H37 -> 46311 | I40: 2.17 | J40: Not started | K40: =IF(J40="Done",1,IF(J40="In progress",0.5,0)) -> 0 | L40: =I40*K40 -> 0 | N40: =HYPERLINK("https://www.youtube.com/results?search_query=laravel+file+upload+inertia+react","YouTube: laravel file upload inertia react") -> YouTube: laravel file upload inertia react | O40: =HYPERLINK("https://laravel.com/docs/filesystem","Laravel docs: File storage") -> Laravel docs: File storage
A41: 1.2.4 | B41: 3 | C41: Day 9: Agent view | D41: Work package | E41: 2 | F41: 9 | G41: =WORKDAY($C$2,F41-1) -> 46314 | H41: =G41 -> 46314 | I41: =SUM(I42:I44) -> 6.51 | J41: =IF(COUNTIF(J42:J44,"Done")+COUNTIF(J42:J44,"Cut")=3,"Done",IF(COUNTIF(J42:J44,"Not started")=3,"Not started","In progress")) -> Not started | K41: =IF(I41=0,0,L41/I41) -> 0 | L41: =SUM(L42:L44) -> 0
A42: 1.2.4.1 | B42: 4 | C42: Assign, change status/priority, internal notes | D42: Task | E42: 2 | F42: 9 | G42: =G41 -> 46314 | H42: =H41 -> 46314 | I42: 2.17 | J42: Done | K42: =IF(J42="Done",1,IF(J42="In progress",0.5,0)) -> 0 | L42: =I42*K42 -> 0 | N42: =HYPERLINK("https://www.youtube.com/results?search_query=laravel+validation+rules+tutorial","YouTube: laravel validation rules tutorial") -> YouTube: laravel validation rules tutorial | O42: =HYPERLINK("https://laravel.com/docs/validation","Laravel docs: Validation") -> Laravel docs: Validation
A43: 1.2.4.2 | B43: 4 | C43: Flash messages; empty and loading states | D43: Task | E43: 2 | F43: 9 | G43: =G41 -> 46314 | H43: =H41 -> 46314 | I43: 2.17 | J43: Not started | K43: =IF(J43="Done",1,IF(J43="In progress",0.5,0)) -> 0 | L43: =I43*K43 -> 0 | N43: =HYPERLINK("https://www.youtube.com/results?search_query=inertia+flash+messages+laravel","YouTube: inertia flash messages laravel") -> YouTube: inertia flash messages laravel | O43: =HYPERLINK("https://inertiajs.com/shared-data","Inertia docs: Shared data") -> Inertia docs: Shared data
A44: 1.2.4.3 | B44: 4 | C44: Feature tests for each action | D44: Task | E44: 2 | F44: 9 | G44: =G41 -> 46314 | H44: =H41 -> 46314 | I44: 2.17 | J44: Done | K44: =IF(J44="Done",1,IF(J44="In progress",0.5,0)) -> 0 | L44: =I44*K44 -> 0 | N44: =HYPERLINK("https://www.youtube.com/results?search_query=laravel+feature+tests","YouTube: laravel feature tests") -> YouTube: laravel feature tests | O44: =HYPERLINK("https://laravel.com/docs/http-tests","Laravel docs: HTTP tests") -> Laravel docs: HTTP tests
A45: 1.2.5 | B45: 3 | C45: Day 10: CI | D45: Work package | E45: 2 | F45: 10 | G45: =WORKDAY($C$2,F45-1) -> 46315 | H45: =G45 -> 46315 | I45: =SUM(I46:I48) -> 6.51 | J45: =IF(COUNTIF(J46:J48,"Done")+COUNTIF(J46:J48,"Cut")=3,"Done",IF(COUNTIF(J46:J48,"Not started")=3,"Not started","In progress")) -> Not started | K45: =IF(I45=0,0,L45/I45) -> 0 | L45: =SUM(L46:L48) -> 0
A46: 1.2.5.1 | B46: 4 | C46: GitHub Actions: Pint, Larastan, Pest, type-check, frontend build | D46: Task | E46: 2 | F46: 10 | G46: =G45 -> 46315 | H46: =H45 -> 46315 | I46: 2.17 | J46: Done | K46: =IF(J46="Done",1,IF(J46="In progress",0.5,0)) -> 0 | L46: =I46*K46 -> 0 | N46: =HYPERLINK("https://www.youtube.com/results?search_query=github+actions+laravel+ci","YouTube: github actions laravel ci") -> YouTube: github actions laravel ci | O46: =HYPERLINK("https://docs.github.com/en/actions","GitHub Actions docs") -> GitHub Actions docs
A47: 1.2.5.2 | B47: 4 | C47: CI badge in README; fix anything red | D47: Task | E47: 2 | F47: 10 | G47: =G45 -> 46315 | H47: =H45 -> 46315 | I47: 2.17 | J47: Done | K47: =IF(J47="Done",1,IF(J47="In progress",0.5,0)) -> 0 | L47: =I47*K47 -> 0 | N47: =HYPERLINK("https://www.youtube.com/results?search_query=github+actions+status+badge+readme","YouTube: github actions status badge readme") -> YouTube: github actions status badge readme | O47: =HYPERLINK("https://www.google.com/search?q=github+actions+workflow+status+badge","Search: github actions workflow status badge") -> Search: github actions workflow status badge
A48: 1.2.5.3 | B48: 4 | C48: Week review | D48: Task | E48: 2 | F48: 10 | G48: =G45 -> 46315 | H48: =H45 -> 46315 | I48: 2.17 | J48: Not started | K48: =IF(J48="Done",1,IF(J48="In progress",0.5,0)) -> 0 | L48: =I48*K48 -> 0
A49: 1.3 | B49: 2 | C49: Week 3: Business logic | D49: Phase | E49: 3 | G49: =G50 -> 46316 | H49: =H65 -> 46322 | I49: =SUM(I50,I54,I58,I61,I65) -> 32.54 | K49: =IF(I49=0,0,L49/I49) -> 0 | L49: =SUM(L50,L54,L58,L61,L65) -> 0
A50: 1.3.1 | B50: 3 | C50: Day 11: SLA policies + events | D50: Work package | E50: 3 | F50: 11 | G50: =WORKDAY($C$2,F50-1) -> 46316 | H50: =G50 -> 46316 | I50: =SUM(I51:I53) -> 6.51 | J50: =IF(COUNTIF(J51:J53,"Done")+COUNTIF(J51:J53,"Cut")=3,"Done",IF(COUNTIF(J51:J53,"Not started")=3,"Not started","In progress")) -> Not started | K50: =IF(I50=0,0,L50/I50) -> 0 | L50: =SUM(L51:L53) -> 0
A51: 1.3.1.1 | B51: 4 | C51: SLA policy per priority: first-response and resolution deadlines | D51: Task | E51: 3 | F51: 11 | G51: =G50 -> 46316 | H51: =H50 -> 46316 | I51: 2.17 | J51: Done | K51: =IF(J51="Done",1,IF(J51="In progress",0.5,0)) -> 0 | L51: =I51*K51 -> 0 | N51: =HYPERLINK("https://www.youtube.com/results?search_query=what+is+SLA+first+response+time+customer+support","YouTube: what is SLA first response time customer support") -> YouTube: what is SLA first response time customer support | O51: =HYPERLINK("https://en.wikipedia.org/wiki/Service-level_agreement","Wikipedia: Service-level agreement") -> Wikipedia: Service-level agreement
A52: 1.3.1.2 | B52: 4 | C52: Events: TicketCreated, TicketReplied, TicketStatusChanged | D52: Task | E52: 3 | F52: 11 | G52: =G50 -> 46316 | H52: =H50 -> 46316 | I52: 2.17 | J52: Not started | K52: =IF(J52="Done",1,IF(J52="In progress",0.5,0)) -> 0 | L52: =I52*K52 -> 0 | N52: =HYPERLINK("https://www.youtube.com/results?search_query=laravel+events+listeners","YouTube: laravel events listeners") -> YouTube: laravel events listeners | O52: =HYPERLINK("https://laravel.com/docs/events","Laravel docs: Events") -> Laravel docs: Events
A53: 1.3.1.3 | B53: 4 | C53: Calculate and store due dates on ticket creation | D53: Task | E53: 3 | F53: 11 | G53: =G50 -> 46316 | H53: =H50 -> 46316 | I53: 2.17 | J53: Done | K53: =IF(J53="Done",1,IF(J53="In progress",0.5,0)) -> 0 | L53: =I53*K53 -> 0 | N53: =HYPERLINK("https://www.youtube.com/results?search_query=laravel+carbon+dates+tutorial","YouTube: laravel carbon dates tutorial") -> YouTube: laravel carbon dates tutorial | O53: =HYPERLINK("https://carbon.nesbot.com/docs/","Carbon docs") -> Carbon docs
A54: 1.3.2 | B54: 3 | C54: Day 12: Queues + Horizon | D54: Work package | E54: 3 | F54: 12 | G54: =WORKDAY($C$2,F54-1) -> 46317 | H54: =G54 -> 46317 | I54: =SUM(I55:I57) -> 6.51 | J54: =IF(COUNTIF(J55:J57,"Done")+COUNTIF(J55:J57,"Cut")=3,"Done",IF(COUNTIF(J55:J57,"Not started")=3,"Not started","In progress")) -> Not started | K54: =IF(I54=0,0,L54/I54) -> 0 | L54: =SUM(L55:L57) -> 0
A55: 1.3.2.1 | B55: 4 | C55: Learn Redis queues and Horizon; queue worker in Docker | D55: Task | E55: 3 | F55: 12 | G55: =G54 -> 46317 | H55: =H54 -> 46317 | I55: 2.17 | J55: In progress | K55: =IF(J55="Done",1,IF(J55="In progress",0.5,0)) -> 0 | L55: =I55*K55 -> 0 | N55: =HYPERLINK("https://www.youtube.com/results?search_query=laravel+horizon+redis+queues","YouTube: laravel horizon redis queues") -> YouTube: laravel horizon redis queues | O55: =HYPERLINK("https://laravel.com/docs/horizon","Laravel docs: Horizon") -> Laravel docs: Horizon
A56: 1.3.2.2 | B56: 4 | C56: Queued listeners for the events | D56: Task | E56: 3 | F56: 12 | G56: =G54 -> 46317 | H56: =H54 -> 46317 | I56: 2.17 | J56: Not started | K56: =IF(J56="Done",1,IF(J56="In progress",0.5,0)) -> 0 | L56: =I56*K56 -> 0 | N56: =HYPERLINK("https://www.youtube.com/results?search_query=laravel+queued+event+listeners","YouTube: laravel queued event listeners") -> YouTube: laravel queued event listeners | O56: =HYPERLINK("https://laravel.com/docs/events#queued-event-listeners","Laravel docs: Queued listeners") -> Laravel docs: Queued listeners
A57: 1.3.2.3 | B57: 4 | C57: Scheduled command: find SLA breaches, dispatch escalation job | D57: Task | E57: 3 | F57: 12 | G57: =G54 -> 46317 | H57: =H54 -> 46317 | I57: 2.17 | J57: Not started | K57: =IF(J57="Done",1,IF(J57="In progress",0.5,0)) -> 0 | L57: =I57*K57 -> 0 | N57: =HYPERLINK("https://www.youtube.com/results?search_query=laravel+task+scheduling","YouTube: laravel task scheduling") -> YouTube: laravel task scheduling | O57: =HYPERLINK("https://laravel.com/docs/scheduling","Laravel docs: Task scheduling") -> Laravel docs: Task scheduling
A58: 1.3.3 | B58: 3 | C58: Day 13: Notifications | D58: Work package | E58: 3 | F58: 13 | G58: =WORKDAY($C$2,F58-1) -> 46318 | H58: =G58 -> 46318 | I58: =SUM(I59:I60) -> 6.5 | J58: =IF(COUNTIF(J59:J60,"Done")+COUNTIF(J59:J60,"Cut")=2,"Done",IF(COUNTIF(J59:J60,"Not started")=2,"Not started","In progress")) -> Not started | K58: =IF(I58=0,0,L58/I58) -> 0 | L58: =SUM(L59:L60) -> 0
A59: 1.3.3.1 | B59: 4 | C59: Mail (Mailpit) + database notifications for assign, reply, breach | D59: Task | E59: 3 | F59: 13 | G59: =G58 -> 46318 | H59: =H58 -> 46318 | I59: 3.25 | J59: In progress | K59: =IF(J59="Done",1,IF(J59="In progress",0.5,0)) -> 0 | L59: =I59*K59 -> 0 | N59: =HYPERLINK("https://www.youtube.com/results?search_query=laravel+notifications+mail+database","YouTube: laravel notifications mail database") -> YouTube: laravel notifications mail database | O59: =HYPERLINK("https://laravel.com/docs/notifications","Laravel docs: Notifications") -> Laravel docs: Notifications
A60: 1.3.3.2 | B60: 4 | C60: Notification bell in the UI | D60: Task | E60: 3 | F60: 13 | G60: =G58 -> 46318 | H60: =H58 -> 46318 | I60: 3.25 | J60: Not started | K60: =IF(J60="Done",1,IF(J60="In progress",0.5,0)) -> 0 | L60: =I60*K60 -> 0 | N60: =HYPERLINK("https://www.youtube.com/results?search_query=laravel+notification+bell+inertia+react","YouTube: laravel notification bell inertia react") -> YouTube: laravel notification bell inertia react | O60: =HYPERLINK("https://laravel.com/docs/notifications#database-notifications","Laravel docs: Database notifications") -> Laravel docs: Database notifications
A61: 1.3.4 | B61: 3 | C61: Day 14: Public REST API | D61: Work package | E61: 3 | F61: 14 | G61: =WORKDAY($C$2,F61-1) -> 46321 | H61: =G61 -> 46321 | I61: =SUM(I62:I64) -> 6.51 | J61: =IF(COUNTIF(J62:J64,"Done")+COUNTIF(J62:J64,"Cut")=3,"Done",IF(COUNTIF(J62:J64,"Not started")=3,"Not started","In progress")) -> Not started | K61: =IF(I61=0,0,L61/I61) -> 0 | L61: =SUM(L62:L64) -> 0
A62: 1.3.4.1 | B62: 4 | C62: Sanctum API tokens per organization | D62: Task | E62: 3 | F62: 14 | G62: =G61 -> 46321 | H62: =H61 -> 46321 | I62: 2.17 | J62: Not started | K62: =IF(J62="Done",1,IF(J62="In progress",0.5,0)) -> 0 | L62: =I62*K62 -> 0 | N62: =HYPERLINK("https://www.youtube.com/results?search_query=laravel+sanctum+api+tokens","YouTube: laravel sanctum api tokens") -> YouTube: laravel sanctum api tokens | O62: =HYPERLINK("https://laravel.com/docs/sanctum","Laravel docs: Sanctum") -> Laravel docs: Sanctum
A63: 1.3.4.2 | B63: 4 | C63: Endpoints: create, list, show; API Resources; rate limiting | D63: Task | E63: 3 | F63: 14 | G63: =G61 -> 46321 | H63: =H61 -> 46321 | I63: 2.17 | J63: Not started | K63: =IF(J63="Done",1,IF(J63="In progress",0.5,0)) -> 0 | L63: =I63*K63 -> 0 | N63: =HYPERLINK("https://www.youtube.com/results?search_query=laravel+api+resources+rate+limiting","YouTube: laravel api resources rate limiting") -> YouTube: laravel api resources rate limiting | O63: =HYPERLINK("https://laravel.com/docs/eloquent-resources","Laravel docs: API resources") -> Laravel docs: API resources
A64: 1.3.4.3 | B64: 4 | C64: Generate API docs (e.g. Scribe) | D64: Task | E64: 3 | F64: 14 | G64: =G61 -> 46321 | H64: =H61 -> 46321 | I64: 2.17 | J64: Not started | K64: =IF(J64="Done",1,IF(J64="In progress",0.5,0)) -> 0 | L64: =I64*K64 -> 0 | N64: =HYPERLINK("https://www.youtube.com/results?search_query=laravel+scribe+api+documentation","YouTube: laravel scribe api documentation") -> YouTube: laravel scribe api documentation | O64: =HYPERLINK("https://scribe.knuckles.wtf/laravel/","Scribe docs") -> Scribe docs
A65: 1.3.5 | B65: 3 | C65: Day 15: Tests + buffer | D65: Work package | E65: 3 | F65: 15 | G65: =WORKDAY($C$2,F65-1) -> 46322 | H65: =G65 -> 46322 | I65: =SUM(I66:I68) -> 6.51 | J65: =IF(COUNTIF(J66:J68,"Done")+COUNTIF(J66:J68,"Cut")=3,"Done",IF(COUNTIF(J66:J68,"Not started")=3,"Not started","In progress")) -> Not started | K65: =IF(I65=0,0,L65/I65) -> 0 | L65: =SUM(L66:L68) -> 0
A66: 1.3.5.1 | B66: 4 | C66: Feature tests: ticket lifecycle, SLA breach, Queue/Notification fakes | D66: Task | E66: 3 | F66: 15 | G66: =G65 -> 46322 | H66: =H65 -> 46322 | I66: 2.17 | J66: In progress | K66: =IF(J66="Done",1,IF(J66="In progress",0.5,0)) -> 0 | L66: =I66*K66 -> 0 | N66: =HYPERLINK("https://www.youtube.com/results?search_query=laravel+queue+fake+notification+fake+testing","YouTube: laravel queue fake notification fake testing") -> YouTube: laravel queue fake notification fake testing | O66: =HYPERLINK("https://laravel.com/docs/mocking","Laravel docs: Mocking and fakes") -> Laravel docs: Mocking and fakes
A67: 1.3.5.2 | B67: 4 | C67: API tests: auth, tenant isolation, rate limit | D67: Task | E67: 3 | F67: 15 | G67: =G65 -> 46322 | H67: =H65 -> 46322 | I67: 2.17 | J67: Not started | K67: =IF(J67="Done",1,IF(J67="In progress",0.5,0)) -> 0 | L67: =I67*K67 -> 0 | N67: =HYPERLINK("https://www.youtube.com/results?search_query=laravel+api+testing+sanctum","YouTube: laravel api testing sanctum") -> YouTube: laravel api testing sanctum | O67: =HYPERLINK("https://laravel.com/docs/sanctum#testing","Laravel docs: Sanctum testing") -> Laravel docs: Sanctum testing
A68: 1.3.5.3 | B68: 4 | C68: Catch up on anything unfinished | D68: Task | E68: 3 | F68: 15 | G68: =G65 -> 46322 | H68: =H65 -> 46322 | I68: 2.17 | J68: Not started | K68: =IF(J68="Done",1,IF(J68="In progress",0.5,0)) -> 0 | L68: =I68*K68 -> 0
A69: 1.4 | B69: 2 | C69: Week 4: Python + FastAPI | D69: Phase | E69: 4 | G69: =G70 -> 46323 | H69: =H85 -> 46329 | I69: =SUM(I70,I74,I77,I81,I85) -> 32.54 | K69: =IF(I69=0,0,L69/I69) -> 0 | L69: =SUM(L70,L74,L77,L81,L85) -> 0
A70: 1.4.1 | B70: 3 | C70: Day 16: Python fundamentals | D70: Work package | E70: 4 | F70: 16 | G70: =WORKDAY($C$2,F70-1) -> 46323 | H70: =G70 -> 46323 | I70: =SUM(I71:I73) -> 6.51 | J70: =IF(COUNTIF(J71:J73,"Done")+COUNTIF(J71:J73,"Cut")=3,"Done",IF(COUNTIF(J71:J73,"Not started")=3,"Not started","In progress")) -> Not started | K70: =IF(I70=0,0,L70/I70) -> 0 | L70: =SUM(L71:L73) -> 0
A71: 1.4.1.1 | B71: 4 | C71: Virtual environments and package manager (pip or uv) | D71: Task | E71: 4 | F71: 16 | G71: =G70 -> 46323 | H71: =H70 -> 46323 | I71: 2.17 | J71: Not started | K71: =IF(J71="Done",1,IF(J71="In progress",0.5,0)) -> 0 | L71: =I71*K71 -> 0 | N71: =HYPERLINK("https://www.youtube.com/results?search_query=python+uv+package+manager+tutorial","YouTube: python uv package manager tutorial") -> YouTube: python uv package manager tutorial | O71: =HYPERLINK("https://docs.astral.sh/uv/","uv docs") -> uv docs
A72: 1.4.1.2 | B72: 4 | C72: Types, functions, classes, dataclasses, modules, exceptions, type hints | D72: Task | E72: 4 | F72: 16 | G72: =G70 -> 46323 | H72: =H70 -> 46323 | I72: 2.17 | J72: Not started | K72: =IF(J72="Done",1,IF(J72="In progress",0.5,0)) -> 0 | L72: =I72*K72 -> 0 | N72: =HYPERLINK("https://www.youtube.com/results?search_query=python+for+php+developers","YouTube: python for php developers") -> YouTube: python for php developers | O72: =HYPERLINK("https://docs.python.org/3/tutorial/","Python tutorial") -> Python tutorial
A73: 1.4.1.3 | B73: 4 | C73: 5 small scripts; compare concepts to PHP in DEVLOG.md | D73: Task | E73: 4 | F73: 16 | G73: =G70 -> 46323 | H73: =H70 -> 46323 | I73: 2.17 | J73: Not started | K73: =IF(J73="Done",1,IF(J73="In progress",0.5,0)) -> 0 | L73: =I73*K73 -> 0 | N73: =HYPERLINK("https://www.youtube.com/results?search_query=python+vs+php+differences","YouTube: python vs php differences") -> YouTube: python vs php differences | O73: =HYPERLINK("https://www.google.com/search?q=python+vs+php+concepts+compared","Search: python vs php concepts compared") -> Search: python vs php concepts compared
A74: 1.4.2 | B74: 3 | C74: Day 17: Python for services | D74: Work package | E74: 4 | F74: 17 | G74: =WORKDAY($C$2,F74-1) -> 46324 | H74: =G74 -> 46324 | I74: =SUM(I75:I76) -> 6.5 | J74: =IF(COUNTIF(J75:J76,"Done")+COUNTIF(J75:J76,"Cut")=2,"Done",IF(COUNTIF(J75:J76,"Not started")=2,"Not started","In progress")) -> Not started | K74: =IF(I74=0,0,L74/I74) -> 0 | L74: =SUM(L75:L76) -> 0
A75: 1.4.2.1 | B75: 4 | C75: Pydantic, async/await basics, HTTP calls with httpx | D75: Task | E75: 4 | F75: 17 | G75: =G74 -> 46324 | H75: =H74 -> 46324 | I75: 3.25 | J75: Not started | K75: =IF(J75="Done",1,IF(J75="In progress",0.5,0)) -> 0 | L75: =I75*K75 -> 0 | N75: =HYPERLINK("https://www.youtube.com/results?search_query=pydantic+async+httpx+python+tutorial","YouTube: pydantic async httpx python tutorial") -> YouTube: pydantic async httpx python tutorial | O75: =HYPERLINK("https://docs.pydantic.dev/latest/","Pydantic docs") -> Pydantic docs
A76: 1.4.2.2 | B76: 4 | C76: pytest basics: fixtures, parametrize | D76: Task | E76: 4 | F76: 17 | G76: =G74 -> 46324 | H76: =H74 -> 46324 | I76: 3.25 | J76: Not started | K76: =IF(J76="Done",1,IF(J76="In progress",0.5,0)) -> 0 | L76: =I76*K76 -> 0 | N76: =HYPERLINK("https://www.youtube.com/results?search_query=pytest+fixtures+parametrize","YouTube: pytest fixtures parametrize") -> YouTube: pytest fixtures parametrize | O76: =HYPERLINK("https://docs.pytest.org/en/stable/getting-started.html","pytest: Get started") -> pytest: Get started
A77: 1.4.3 | B77: 3 | C77: Day 18: FastAPI | D77: Work package | E77: 4 | F77: 18 | G77: =WORKDAY($C$2,F77-1) -> 46325 | H77: =G77 -> 46325 | I77: =SUM(I78:I80) -> 6.51 | J77: =IF(COUNTIF(J78:J80,"Done")+COUNTIF(J78:J80,"Cut")=3,"Done",IF(COUNTIF(J78:J80,"Not started")=3,"Not started","In progress")) -> Not started | K77: =IF(I77=0,0,L77/I77) -> 0 | L77: =SUM(L78:L80) -> 0
A78: 1.4.3.1 | B78: 4 | C78: Routes, request/response models, dependency injection, OpenAPI docs | D78: Task | E78: 4 | F78: 18 | G78: =G77 -> 46325 | H78: =H77 -> 46325 | I78: 2.17 | J78: Not started | K78: =IF(J78="Done",1,IF(J78="In progress",0.5,0)) -> 0 | L78: =I78*K78 -> 0 | N78: =HYPERLINK("https://www.youtube.com/results?search_query=fastapi+tutorial","YouTube: fastapi tutorial") -> YouTube: fastapi tutorial | O78: =HYPERLINK("https://fastapi.tiangolo.com/tutorial/","FastAPI tutorial") -> FastAPI tutorial
A79: 1.4.3.2 | B79: 4 | C79: Dockerfile; add service to Docker Compose | D79: Task | E79: 4 | F79: 18 | G79: =G77 -> 46325 | H79: =H77 -> 46325 | I79: 2.17 | J79: Not started | K79: =IF(J79="Done",1,IF(J79="In progress",0.5,0)) -> 0 | L79: =I79*K79 -> 0 | N79: =HYPERLINK("https://www.youtube.com/results?search_query=fastapi+docker+compose","YouTube: fastapi docker compose") -> YouTube: fastapi docker compose | O79: =HYPERLINK("https://fastapi.tiangolo.com/deployment/docker/","FastAPI: Docker") -> FastAPI: Docker
A80: 1.4.3.3 | B80: 4 | C80: Laravel calls /health successfully | D80: Task | E80: 4 | F80: 18 | G80: =G77 -> 46325 | H80: =H77 -> 46325 | I80: 2.17 | J80: Not started | K80: =IF(J80="Done",1,IF(J80="In progress",0.5,0)) -> 0 | L80: =I80*K80 -> 0 | N80: =HYPERLINK("https://www.youtube.com/results?search_query=laravel+http+client","YouTube: laravel http client") -> YouTube: laravel http client | O80: =HYPERLINK("https://laravel.com/docs/http-client","Laravel docs: HTTP client") -> Laravel docs: HTTP client
A81: 1.4.4 | B81: 3 | C81: Day 19: Local AI model | D81: Work package | E81: 4 | F81: 19 | G81: =WORKDAY($C$2,F81-1) -> 46328 | H81: =G81 -> 46328 | I81: =SUM(I82:I84) -> 6.51 | J81: =IF(COUNTIF(J82:J84,"Done")+COUNTIF(J82:J84,"Cut")=3,"Done",IF(COUNTIF(J82:J84,"Not started")=3,"Not started","In progress")) -> Not started | K81: =IF(I81=0,0,L81/I81) -> 0 | L81: =SUM(L82:L84) -> 0
A82: 1.4.4.1 | B82: 4 | C82: Install Ollama; pull small chat and embedding models | D82: Task | E82: 4 | F82: 19 | G82: =G81 -> 46328 | H82: =H81 -> 46328 | I82: 2.17 | J82: Not started | K82: =IF(J82="Done",1,IF(J82="In progress",0.5,0)) -> 0 | L82: =I82*K82 -> 0 | N82: =HYPERLINK("https://www.youtube.com/results?search_query=ollama+tutorial+embedding+models","YouTube: ollama tutorial embedding models") -> YouTube: ollama tutorial embedding models | O82: =HYPERLINK("https://github.com/ollama/ollama","Ollama on GitHub") -> Ollama on GitHub
A83: 1.4.4.2 | B83: 4 | C83: Call both from Python; config via env variables | D83: Task | E83: 4 | F83: 19 | G83: =G81 -> 46328 | H83: =H81 -> 46328 | I83: 2.17 | J83: Not started | K83: =IF(J83="Done",1,IF(J83="In progress",0.5,0)) -> 0 | L83: =I83*K83 -> 0 | N83: =HYPERLINK("https://www.youtube.com/results?search_query=ollama+python+library","YouTube: ollama python library") -> YouTube: ollama python library | O83: =HYPERLINK("https://github.com/ollama/ollama-python","ollama-python on GitHub") -> ollama-python on GitHub
A84: 1.4.4.3 | B84: 4 | C84: Note model size, RAM use, response time in DEVLOG.md | D84: Task | E84: 4 | F84: 19 | G84: =G81 -> 46328 | H84: =H81 -> 46328 | I84: 2.17 | J84: Not started | K84: =IF(J84="Done",1,IF(J84="In progress",0.5,0)) -> 0 | L84: =I84*K84 -> 0 | N84: =HYPERLINK("https://www.youtube.com/results?search_query=local+llm+ram+requirements","YouTube: local llm ram requirements") -> YouTube: local llm ram requirements | O84: =HYPERLINK("https://www.google.com/search?q=ollama+model+size+RAM+requirements","Search: ollama model size RAM requirements") -> Search: ollama model size RAM requirements
A85: 1.4.5 | B85: 3 | C85: Day 20: Tests + CI + buffer | D85: Work package | E85: 4 | F85: 20 | G85: =WORKDAY($C$2,F85-1) -> 46329 | H85: =G85 -> 46329 | I85: =SUM(I86:I88) -> 6.51 | J85: =IF(COUNTIF(J86:J88,"Done")+COUNTIF(J86:J88,"Cut")=3,"Done",IF(COUNTIF(J86:J88,"Not started")=3,"Not started","In progress")) -> Not started | K85: =IF(I85=0,0,L85/I85) -> 0 | L85: =SUM(L86:L88) -> 0
A86: 1.4.5.1 | B86: 4 | C86: pytest with TestClient; mock model calls | D86: Task | E86: 4 | F86: 20 | G86: =G85 -> 46329 | H86: =H85 -> 46329 | I86: 2.17 | J86: Not started | K86: =IF(J86="Done",1,IF(J86="In progress",0.5,0)) -> 0 | L86: =I86*K86 -> 0 | N86: =HYPERLINK("https://www.youtube.com/results?search_query=fastapi+testing+pytest+testclient","YouTube: fastapi testing pytest testclient") -> YouTube: fastapi testing pytest testclient | O86: =HYPERLINK("https://fastapi.tiangolo.com/tutorial/testing/","FastAPI: Testing") -> FastAPI: Testing
A87: 1.4.5.2 | B87: 4 | C87: ruff linting; Python job in GitHub Actions | D87: Task | E87: 4 | F87: 20 | G87: =G85 -> 46329 | H87: =H85 -> 46329 | I87: 2.17 | J87: Not started | K87: =IF(J87="Done",1,IF(J87="In progress",0.5,0)) -> 0 | L87: =I87*K87 -> 0 | N87: =HYPERLINK("https://www.youtube.com/results?search_query=ruff+python+linter","YouTube: ruff python linter") -> YouTube: ruff python linter | O87: =HYPERLINK("https://docs.astral.sh/ruff/","Ruff docs") -> Ruff docs
A88: 1.4.5.3 | B88: 4 | C88: Catch up on anything unfinished | D88: Task | E88: 4 | F88: 20 | G88: =G85 -> 46329 | H88: =H85 -> 46329 | I88: 2.17 | J88: Not started | K88: =IF(J88="Done",1,IF(J88="In progress",0.5,0)) -> 0 | L88: =I88*K88 -> 0
A89: 1.5 | B89: 2 | C89: Week 5: AI features | D89: Phase | E89: 5 | G89: =G90 -> 46330 | H89: =H105 -> 46336 | I89: =SUM(I90,I94,I97,I101,I105) -> 32.54 | K89: =IF(I89=0,0,L89/I89) -> 0 | L89: =SUM(L90,L94,L97,L101,L105) -> 0
A90: 1.5.1 | B90: 3 | C90: Day 21: Embeddings | D90: Work package | E90: 5 | F90: 21 | G90: =WORKDAY($C$2,F90-1) -> 46330 | H90: =G90 -> 46330 | I90: =SUM(I91:I93) -> 6.51 | J90: =IF(COUNTIF(J91:J93,"Done")+COUNTIF(J91:J93,"Cut")=3,"Done",IF(COUNTIF(J91:J93,"Not started")=3,"Not started","In progress")) -> Not started | K90: =IF(I90=0,0,L90/I90) -> 0 | L90: =SUM(L91:L93) -> 0
A91: 1.5.1.1 | B91: 4 | C91: Learn embeddings and vector similarity | D91: Task | E91: 5 | F91: 21 | G91: =G90 -> 46330 | H91: =H90 -> 46330 | I91: 2.17 | J91: Not started | K91: =IF(J91="Done",1,IF(J91="In progress",0.5,0)) -> 0 | L91: =I91*K91 -> 0 | N91: =HYPERLINK("https://www.youtube.com/results?search_query=vector+embeddings+explained","YouTube: vector embeddings explained") -> YouTube: vector embeddings explained | O91: =HYPERLINK("https://github.com/pgvector/pgvector","pgvector on GitHub") -> pgvector on GitHub
A92: 1.5.1.2 | B92: 4 | C92: KB articles CRUD in Laravel | D92: Task | E92: 5 | F92: 21 | G92: =G90 -> 46330 | H92: =H90 -> 46330 | I92: 2.17 | J92: Not started | K92: =IF(J92="Done",1,IF(J92="In progress",0.5,0)) -> 0 | L92: =I92*K92 -> 0 | N92: =HYPERLINK("https://www.youtube.com/results?search_query=laravel+inertia+react+crud","YouTube: laravel inertia react crud") -> YouTube: laravel inertia react crud | O92: =HYPERLINK("https://laravel.com/docs/controllers#resource-controllers","Laravel docs: Resource controllers") -> Laravel docs: Resource controllers
A93: 1.5.1.3 | B93: 4 | C93: Python /embed; Laravel stores vectors in pgvector via queued job | D93: Task | E93: 5 | F93: 21 | G93: =G90 -> 46330 | H93: =H90 -> 46330 | I93: 2.17 | J93: Not started | K93: =IF(J93="Done",1,IF(J93="In progress",0.5,0)) -> 0 | L93: =I93*K93 -> 0 | N93: =HYPERLINK("https://www.youtube.com/results?search_query=pgvector+laravel+php","YouTube: pgvector laravel php") -> YouTube: pgvector laravel php | O93: =HYPERLINK("https://github.com/pgvector/pgvector-php","pgvector-php on GitHub") -> pgvector-php on GitHub
A94: 1.5.2 | B94: 3 | C94: Day 22: RAG suggested replies | D94: Work package | E94: 5 | F94: 22 | G94: =WORKDAY($C$2,F94-1) -> 46331 | H94: =G94 -> 46331 | I94: =SUM(I95:I96) -> 6.5 | J94: =IF(COUNTIF(J95:J96,"Done")+COUNTIF(J95:J96,"Cut")=2,"Done",IF(COUNTIF(J95:J96,"Not started")=2,"Not started","In progress")) -> Not started | K94: =IF(I94=0,0,L94/I94) -> 0 | L94: =SUM(L95:L96) -> 0
A95: 1.5.2.1 | B95: 4 | C95: Laravel pgvector similarity query for top KB chunks | D95: Task | E95: 5 | F95: 22 | G95: =G94 -> 46331 | H95: =H94 -> 46331 | I95: 3.25 | J95: Not started | K95: =IF(J95="Done",1,IF(J95="In progress",0.5,0)) -> 0 | L95: =I95*K95 -> 0 | N95: =HYPERLINK("https://www.youtube.com/results?search_query=RAG+retrieval+augmented+generation+explained","YouTube: RAG retrieval augmented generation explained") -> YouTube: RAG retrieval augmented generation explained | O95: =HYPERLINK("https://github.com/pgvector/pgvector#querying","pgvector: Querying") -> pgvector: Querying
A96: 1.5.2.2 | B96: 4 | C96: Python /suggest-reply returns draft with sources used | D96: Task | E96: 5 | F96: 22 | G96: =G94 -> 46331 | H96: =H94 -> 46331 | I96: 3.25 | J96: Not started | K96: =IF(J96="Done",1,IF(J96="In progress",0.5,0)) -> 0 | L96: =I96*K96 -> 0 | N96: =HYPERLINK("https://www.youtube.com/results?search_query=build+RAG+fastapi+ollama","YouTube: build RAG fastapi ollama") -> YouTube: build RAG fastapi ollama | O96: =HYPERLINK("https://www.google.com/search?q=retrieval+augmented+generation+tutorial","Search: retrieval augmented generation tutorial") -> Search: retrieval augmented generation tutorial
A97: 1.5.3 | B97: 3 | C97: Day 23: Auto-triage | D97: Work package | E97: 5 | F97: 23 | G97: =WORKDAY($C$2,F97-1) -> 46332 | H97: =G97 -> 46332 | I97: =SUM(I98:I100) -> 6.51 | J97: =IF(COUNTIF(J98:J100,"Done")+COUNTIF(J98:J100,"Cut")=3,"Done",IF(COUNTIF(J98:J100,"Not started")=3,"Not started","In progress")) -> Not started | K97: =IF(I97=0,0,L97/I97) -> 0 | L97: =SUM(L98:L100) -> 0
A98: 1.5.3.1 | B98: 4 | C98: Python /triage returns category, priority, confidence as JSON | D98: Task | E98: 5 | F98: 23 | G98: =G97 -> 46332 | H98: =H97 -> 46332 | I98: 2.17 | J98: Not started | K98: =IF(J98="Done",1,IF(J98="In progress",0.5,0)) -> 0 | L98: =I98*K98 -> 0 | N98: =HYPERLINK("https://www.youtube.com/results?search_query=llm+structured+output+json+classification","YouTube: llm structured output json classification") -> YouTube: llm structured output json classification | O98: =HYPERLINK("https://www.google.com/search?q=ollama+structured+outputs+json","Search: ollama structured outputs json") -> Search: ollama structured outputs json
A99: 1.5.3.2 | B99: 4 | C99: Queued job on TicketCreated stores the suggestion | D99: Task | E99: 5 | F99: 23 | G99: =G97 -> 46332 | H99: =H97 -> 46332 | I99: 2.17 | J99: Not started | K99: =IF(J99="Done",1,IF(J99="In progress",0.5,0)) -> 0 | L99: =I99*K99 -> 0 | N99: =HYPERLINK("https://www.youtube.com/results?search_query=laravel+queue+jobs","YouTube: laravel queue jobs") -> YouTube: laravel queue jobs | O99: =HYPERLINK("https://laravel.com/docs/queues","Laravel docs: Queues") -> Laravel docs: Queues
A100: 1.5.3.3 | B100: 4 | C100: Low confidence to manual review; agent override | D100: Task | E100: 5 | F100: 23 | G100: =G97 -> 46332 | H100: =H97 -> 46332 | I100: 2.17 | J100: Not started | K100: =IF(J100="Done",1,IF(J100="In progress",0.5,0)) -> 0 | L100: =I100*K100 -> 0 | N100: =HYPERLINK("https://www.youtube.com/results?search_query=human+in+the+loop+AI+confidence+threshold","YouTube: human in the loop AI confidence threshold") -> YouTube: human in the loop AI confidence threshold | O100: =HYPERLINK("https://www.google.com/search?q=human+in+the+loop+AI+confidence+threshold","Search: human in the loop AI confidence threshold") -> Search: human in the loop AI confidence threshold
A101: 1.5.4 | B101: 3 | C101: Day 24: Provider layer | D101: Work package | E101: 5 | F101: 24 | G101: =WORKDAY($C$2,F101-1) -> 46335 | H101: =G101 -> 46335 | I101: =SUM(I102:I104) -> 6.51 | J101: =IF(COUNTIF(J102:J104,"Done")+COUNTIF(J102:J104,"Cut")=3,"Done",IF(COUNTIF(J102:J104,"Not started")=3,"Not started","In progress")) -> Not started | K101: =IF(I101=0,0,L101/I101) -> 0 | L101: =SUM(L102:L104) -> 0
...

Sheet Summary
A1: Progress by week
A3: Week | B3: Phase | C3: Start | D3: Finish | E3: Est. hours | F3: Earned hours | G3: % complete | H3: Tasks done | I3: Tasks total
A4: 1 | B4: =WBS!C7 -> Week 1: Foundations | C4: =WBS!G7 -> 46302 | D4: =WBS!H7 -> 46302 | E4: =WBS!I7 -> 32.49 | F4: =WBS!L7 -> 32.49 | G4: =IF(E4=0,0,F4/E4) -> 1 | H4: =COUNTIFS(WBS!$E$6:$E$146,A4,WBS!$D$6:$D$146,"Task",WBS!$J$6:$J$146,"Done") -> 17 | I4: =COUNTIFS(WBS!$E$6:$E$146,A4,WBS!$D$6:$D$146,"Task") -> 17
A5: 2 | B5: =WBS!C30 -> Week 2: Frontend | C5: =WBS!G30 -> 46309 | D5: =WBS!H30 -> 46315 | E5: =WBS!I30 -> 32.53 | F5: =WBS!L30 -> 3.25 | G5: =IF(E5=0,0,F5/E5) -> 0.099907777 | H5: =COUNTIFS(WBS!$E$6:$E$146,A5,WBS!$D$6:$D$146,"Task",WBS!$J$6:$J$146,"Done") -> 1 | I5: =COUNTIFS(WBS!$E$6:$E$146,A5,WBS!$D$6:$D$146,"Task") -> 13
A6: 3 | B6: =WBS!C49 -> Week 3: Business logic | C6: =WBS!G49 -> 46316 | D6: =WBS!H49 -> 46322 | E6: =WBS!I49 -> 32.54 | F6: =WBS!L49 -> 0 | G6: =IF(E6=0,0,F6/E6) -> 0 | H6: =COUNTIFS(WBS!$E$6:$E$146,A6,WBS!$D$6:$D$146,"Task",WBS!$J$6:$J$146,"Done") -> 0 | I6: =COUNTIFS(WBS!$E$6:$E$146,A6,WBS!$D$6:$D$146,"Task") -> 14
A7: 4 | B7: =WBS!C69 -> Week 4: Python + FastAPI | C7: =WBS!G69 -> 46323 | D7: =WBS!H69 -> 46329 | E7: =WBS!I69 -> 32.54 | F7: =WBS!L69 -> 0 | G7: =IF(E7=0,0,F7/E7) -> 0 | H7: =COUNTIFS(WBS!$E$6:$E$146,A7,WBS!$D$6:$D$146,"Task",WBS!$J$6:$J$146,"Done") -> 0 | I7: =COUNTIFS(WBS!$E$6:$E$146,A7,WBS!$D$6:$D$146,"Task") -> 14
A8: 5 | B8: =WBS!C89 -> Week 5: AI features | C8: =WBS!G89 -> 46330 | D8: =WBS!H89 -> 46336 | E8: =WBS!I89 -> 32.54 | F8: =WBS!L89 -> 0 | G8: =IF(E8=0,0,F8/E8) -> 0 | H8: =COUNTIFS(WBS!$E$6:$E$146,A8,WBS!$D$6:$D$146,"Task",WBS!$J$6:$J$146,"Done") -> 0 | I8: =COUNTIFS(WBS!$E$6:$E$146,A8,WBS!$D$6:$D$146,"Task") -> 14
A9: 6 | B9: =WBS!C109 -> Week 6: Senior-grade quality | C9: =WBS!G109 -> 46337 | D9: =WBS!H109 -> 46343 | E9: =WBS!I109 -> 32.52 | F9: =WBS!L109 -> 0 | G9: =IF(E9=0,0,F9/E9) -> 0 | H9: =COUNTIFS(WBS!$E$6:$E$146,A9,WBS!$D$6:$D$146,"Task",WBS!$J$6:$J$146,"Done") -> 0 | I9: =COUNTIFS(WBS!$E$6:$E$146,A9,WBS!$D$6:$D$146,"Task") -> 12
A10: 7 | B10: =WBS!C127 -> Week 7: Deploy + showcase | C10: =WBS!G127 -> 46344 | D10: =WBS!H127 -> 46350 | E10: =WBS!I127 -> 32.54 | F10: =WBS!L127 -> 0 | G10: =IF(E10=0,0,F10/E10) -> 0 | H10: =COUNTIFS(WBS!$E$6:$E$146,A10,WBS!$D$6:$D$146,"Task",WBS!$J$6:$J$146,"Done") -> 0 | I10: =COUNTIFS(WBS!$E$6:$E$146,A10,WBS!$D$6:$D$146,"Task") -> 14
B11: Total | C11: =C4 -> 46302 | D11: =D10 -> 46350 | E11: =SUM(E4:E10) -> 227.7 | F11: =SUM(F4:F10) -> 35.74 | G11: =IF(E11=0,0,F11/E11) -> 0.15696091 | H11: =SUM(H4:H10) -> 18 | I11: =SUM(I4:I10) -> 98
A13: % complete counts In progress tasks as 50%. Status 'Cut' tasks count as not earned.
